timestamp,measurement,temperature,pressure,known_anomaly,spc_rule_1_beyond_3sigma,spc_rule_2_beyond_2sigma,spc_rule_3_run_8_same_side,spc_rule_4_trend_6,spc_signal,anomaly_score,ml_anomaly,combined_signal
2026-01-01 00:00:00,100.33518878772988,68.79799723516729,30.22186863220681,0,False,False,False,False,False,0.09432431967673355,False,False
2026-01-01 01:00:00,98.86002549916752,67.62998013613951,30.001047651919986,0,False,False,False,False,False,-0.03952063125941707,True,True
2026-01-01 02:00:00,100.83351234745123,69.56841000647954,30.11907349190392,0,False,False,False,False,False,0.1622669267208282,False,False
2026-01-01 03:00:00,101.04664523612652,71.9411416290364,30.234527734770765,0,False,False,False,False,False,0.05598715229132478,False,False
2026-01-01 04:00:00,97.86989335660904,70.35432024282221,29.868805487985835,0,False,True,False,False,True,0.07963627723693018,False,True
2026-01-01 05:00:00,98.58764262261177,69.56035820322454,30.264686857270434,0,False,False,False,False,False,0.10156310847863192,False,False
2026-01-01 06:00:00,100.1646725396764,70.3816834060772,30.13259491121044,0,False,False,False,False,False,0.16380728083031093,False,False
2026-01-01 07:00:00,99.6801892606465,68.76245576249423,29.56781541958098,0,False,False,False,False,False,0.05536109121375332,False,False
2026-01-01 08:00:00,100.01358285500179,69.7749669611445,30.504806676915184,0,False,False,False,False,False,0.13922435695300983,False,False
2026-01-01 09:00:00,99.09772382395765,70.09401083612802,29.82473933968508,0,False,False,False,False,False,0.13346708478604263,False,False
2026-01-01 10:00:00,101.00741793266975,69.94715154267142,29.420716629885185,0,False,False,False,False,False,0.08723598250361686,False,False
2026-01-01 11:00:00,100.89965930532455,70.65028016789314,29.634234701644793,0,False,False,False,False,False,0.13922150550023726,False,False
2026-01-01 12:00:00,100.12072995970212,70.29495465794274,29.642634193762586,0,False,False,False,False,False,0.14402788295590696,False,False
2026-01-01 13:00:00,101.29206953608167,70.55550249785314,30.018260661530135,0,False,False,False,False,False,0.1668873864952174,False,False
2026-01-01 14:00:00,100.57037250092614,69.47174706399495,29.904152323058817,0,False,False,False,False,False,0.15536888935825,False,False
2026-01-01 15:00:00,99.1148985313094,70.74230042292082,29.882108811325793,0,False,False,False,False,False,0.13556577591863828,False,False
2026-01-01 16:00:00,100.46975411900378,71.3288008607044,30.216895687918868,0,False,False,False,False,False,0.12351885323767914,False,False
2026-01-01 17:00:00,99.01336541163319,69.2511348932969,30.118956376417447,0,False,False,False,False,False,0.11064921951878687,False,False
2026-01-01 18:00:00,101.03843962001515,69.31870119085922,30.110616754725502,0,False,False,False,False,False,0.14286601959426848,False,False
2026-01-01 19:00:00,100.02123380252435,71.09908839089987,30.14343996006504,0,False,False,False,False,False,0.13904411957397061,False,False
2026-01-01 20:00:00,99.8768117207415,69.87898893890046,30.215647133800783,0,False,False,False,False,False,0.15792804010226974,False,False
2026-01-01 21:00:00,99.335145837829,71.15672444832258,29.262216330377896,0,False,False,False,False,False,0.014467703181199498,False,False
2026-01-01 22:00:00,101.43297182524685,69.68124197156843,29.87244661170744,0,False,False,False,False,False,0.1439814455408155,False,False
2026-01-01 23:00:00,99.9222019384618,71.20091020851156,29.236926477428685,0,False,False,False,False,False,0.01675233987913005,False,False
2026-01-02 00:00:00,99.62503178039012,70.14366560735218,30.012620974379228,0,False,False,False,False,False,0.16151800794872878,False,False
2026-01-02 01:00:00,99.71285349526454,70.2466632189788,29.99837845972148,0,False,False,False,False,False,0.1672879628896874,False,False
2026-01-02 02:00:00,100.68974852094236,71.29345778406939,30.36593629617639,0,False,False,False,False,False,0.12311781488806345,False,False
2026-01-02 03:00:00,100.51020490366622,69.75387019119096,30.415672037452392,0,False,False,False,False,False,0.146366038203755,False,False
2026-01-02 04:00:00,100.56623032165338,69.29199210281915,30.07097126688833,0,False,False,False,False,False,0.14758913041601812,False,False
2026-01-02 05:00:00,100.59013556823854,69.68764161954925,29.824873622911085,0,False,False,False,False,False,0.156624620317249,False,False
2026-01-02 06:00:00,102.47605284191944,70.40996335289928,30.16980638939101,0,False,True,False,False,True,0.154132573656811,False,True
2026-01-02 07:00:00,99.67719197897091,68.79709214105318,29.81522882693649,0,False,False,False,False,False,0.08735517551367478,False,False
2026-01-02 08:00:00,99.56478951104735,70.56127932733132,29.999512571994828,0,False,False,False,False,False,0.1651385821028275,False,False
2026-01-02 09:00:00,99.23711452798545,69.62188875752905,30.345147710936267,0,False,False,False,False,False,0.13282641867516748,False,False
2026-01-02 10:00:00,100.81384990992322,70.97275914662292,29.804780028903703,0,False,False,False,False,False,0.13856063104721672,False,False
2026-01-02 11:00:00,101.38215008311522,68.14070398052851,30.281987523734877,0,False,False,False,False,False,0.003423992750348881,False,False
2026-01-02 12:00:00,100.01894637373395,69.42846281077838,30.237090479042305,0,False,False,False,False,False,0.146569286450905,False,False
2026-01-02 13:00:00,99.22412446852759,68.71014411628727,29.665822864004213,0,False,False,False,False,False,0.05324678519871662,False,False
2026-01-02 14:00:00,99.24537527195807,69.39993827059622,30.34086294487609,0,False,False,False,False,False,0.1248120849438224,False,False
2026-01-02 15:00:00,100.87196469185768,70.26065777098736,30.244498220880025,0,False,False,False,False,False,0.16200110120177896,False,False
2026-01-02 16:00:00,100.97790022960635,69.92074695615322,30.03567406058043,0,False,False,False,False,False,0.1683152625457967,False,False
2026-01-02 17:00:00,100.76179835245034,69.86302940776744,29.733186789690322,0,False,False,False,False,False,0.14584617949642398,False,False
2026-01-02 18:00:00,99.43627599532913,69.93998677223463,29.69927789349855,0,False,False,False,False,False,0.14149692378670192,False,False
2026-01-02 19:00:00,100.42772214475215,70.23164846824746,29.811818098083943,0,False,False,False,False,False,0.15827660651891085,False,False
2026-01-02 20:00:00,100.30470709546562,69.26371224860983,30.189908062152185,0,False,False,False,False,False,0.14222543334802223,False,False
2026-01-02 21:00:00,100.4209181778448,70.63762400129639,29.66553119140951,0,False,False,False,False,False,0.14357319845390937,False,False
2026-01-02 22:00:00,101.14294039321797,70.60388027129837,30.153129287016956,0,False,False,False,False,False,0.1701896202677014,False,False
2026-01-02 23:00:00,100.43433185715917,70.38338105152769,29.565385564892562,0,False,False,False,False,False,0.12713515703245315,False,False
2026-01-03 00:00:00,100.93918968891816,70.52218066201665,29.9285759954464,0,False,False,False,False,False,0.16846717218494106,False,False
2026-01-03 01:00:00,100.27072976200893,70.31569151487538,30.038376714100902,0,False,False,False,False,False,0.16915419802681603,False,False
2026-01-03 02:00:00,100.51843214016219,71.70821896282614,30.855795550770623,0,False,False,True,False,True,0.04306067283386383,False,True
2026-01-03 03:00:00,100.89882586605766,70.0120881902121,29.51793952056787,0,False,False,True,False,True,0.1106956168567283,False,True
2026-01-03 04:00:00,98.6055454318261,69.83770015879927,30.515205098271547,0,False,False,False,False,False,0.0950243316629526,False,False
2026-01-03 05:00:00,99.86078651170637,69.48214787559385,30.052444844895547,0,False,False,False,False,False,0.15524192482129495,False,False
2026-01-03 06:00:00,99.69902294600939,69.26076300983031,30.14391017130559,0,False,False,False,False,False,0.13811435287329593,False,False
2026-01-03 07:00:00,99.51767524869585,69.09259892262456,30.041421769685872,0,False,False,False,False,False,0.12436688374440913,False,False
2026-01-03 08:00:00,99.92179242144624,69.37874170853351,30.155654386368333,0,False,False,False,False,False,0.14909025547701465,False,False
2026-01-03 09:00:00,101.87289235618549,70.03483846020941,29.946210213473293,0,False,False,False,False,False,0.14514218933544992,False,False
2026-01-03 10:00:00,99.28005070259715,70.36042207474206,30.50891756351011,0,False,False,False,False,False,0.1327878480687964,False,False
2026-01-03 11:00:00,101.3015791359424,70.13550282519844,29.840235099521347,0,False,False,False,False,False,0.1534126122568209,False,False
2026-01-03 12:00:00,98.38932421314647,69.48376416282576,30.396282100262738,0,False,False,False,False,False,0.07794814594999988,False,False
2026-01-03 13:00:00,99.87611544497156,70.81794324239833,29.77447150792544,0,False,False,False,False,False,0.14419111955624736,False,False
2026-01-03 14:00:00,100.42752536560347,70.69092893543595,29.97891185375955,0,False,False,False,False,False,0.16385720832543754,False,False
2026-01-03 15:00:00,100.89734957451525,69.97328335807039,29.624813106698422,0,False,False,False,False,False,0.14135955652697169,False,False
2026-01-03 16:00:00,101.03886226382424,69.58027229468908,30.159258302121632,0,False,False,False,False,False,0.15890625970588046,False,False
2026-01-03 17:00:00,101.13320300080409,70.54295075349751,30.505794084924286,0,False,False,False,True,True,0.15485625306333195,False,True
2026-01-03 18:00:00,99.88093147864296,70.25619049323538,29.9729253370627,0,False,False,False,False,False,0.16907805447864355,False,False
2026-01-03 19:00:00,99.75995010221727,68.94891302212729,29.931090005453633,0,False,False,False,False,False,0.11599210039751079,False,False
2026-01-03 20:00:00,101.21631855956323,70.05463383128462,29.609884062926227,0,False,False,False,False,False,0.1307697179107672,False,False
2026-01-03 21:00:00,100.06611834884264,70.32024989214447,29.919747571256693,0,False,False,False,False,False,0.16732349331086954,False,False
2026-01-03 22:00:00,98.87730616657278,69.39246861970759,29.442522009097466,0,False,False,False,False,False,0.04172930320035517,False,False
2026-01-03 23:00:00,99.03795320287273,70.26570236958057,29.68049270464841,0,False,False,False,False,False,0.11842826672879775,False,False
2026-01-04 00:00:00,99.27717963970684,68.95157287351722,30.0793751161382,0,False,False,False,False,False,0.10728573151147097,False,False
2026-01-04 01:00:00,100.83946198879983,71.18598294814602,30.46165461920949,0,False,False,False,False,False,0.1294306987537907,False,False
2026-01-04 02:00:00,100.45326149605037,71.11699726259664,30.983223801430327,0,False,False,False,False,False,0.07720606691591414,False,False
2026-01-04 03:00:00,101.06013509187935,69.91822661351955,29.794695220225186,0,False,False,False,False,False,0.1541561052578223,False,False
2026-01-04 04:00:00,99.8346313074667,70.41260715764601,30.502355054825905,0,False,False,False,False,False,0.14183645273751877,False,False
2026-01-04 05:00:00,100.48301089465333,68.19550932114767,30.085313368140575,0,False,False,False,False,False,0.024738627772040722,False,False
2026-01-04 06:00:00,101.00077468386507,69.19997197198813,29.94706332363877,0,False,False,False,False,False,0.12910148612334904,False,False
2026-01-04 07:00:00,99.9763520728408,69.89163017049152,30.151408058104153,0,False,False,False,False,False,0.16400901120423134,False,False
2026-01-04 08:00:00,92.82309404387829,69.27055009588456,30.021670769287987,1,True,True,False,False,True,-0.052962112187725396,True,True
2026-01-04 09:00:00,99.59653076342387,70.70137690554341,30.038638503964275,0,False,False,False,False,False,0.1584585907284906,False,False
2026-01-04 10:00:00,99.92929808340767,71.7293001504501,29.857083393010665,0,False,False,False,False,False,0.0671031524143787,False,False
2026-01-04 11:00:00,99.91275364726316,69.19177435672108,29.5106616190704,0,False,False,False,False,False,0.07149356091080628,False,False
2026-01-04 12:00:00,99.02124973654544,69.4646986154092,29.45973117911727,0,False,False,False,False,False,0.05318362725188752,False,False
2026-01-04 13:00:00,100.87635109158958,70.32463123973812,30.228635709148428,0,False,False,False,False,False,0.16599991763045274,False,False
2026-01-04 14:00:00,99.82834680453452,71.4267686703027,29.90315496847,0,False,False,False,False,False,0.10878891281095837,False,False
2026-01-04 15:00:00,100.36244092539003,69.1615795078839,29.79136888512034,0,False,False,False,False,False,0.12266916537960093,False,False
2026-01-04 16:00:00,100.88152673561814,70.34031106217421,30.002976969353103,0,False,False,False,False,False,0.17290888493561518,False,False
2026-01-04 17:00:00,100.84789772048664,71.59972445139198,30.278226288520468,0,False,False,False,False,False,0.09721975760205082,False,False
2026-01-04 18:00:00,101.09264506275584,68.8228812586109,30.06312738005924,0,False,False,False,False,False,0.09818776432743104,False,False
2026-01-04 19:00:00,100.25639542595746,69.12103641809047,29.77038077217566,0,False,False,False,False,False,0.11671116638325307,False,False
2026-01-04 20:00:00,99.90310933170133,69.80860970481129,30.42920253447713,0,False,False,False,False,False,0.14065082816218566,False,False
2026-01-04 21:00:00,100.28505545898493,69.73262746610845,30.55271492604357,0,False,False,False,False,False,0.1339751224312094,False,False
2026-01-04 22:00:00,98.52068562966019,70.80078243300852,30.173094829363,0,False,False,False,False,False,0.09555852694801964,False,False
2026-01-04 23:00:00,98.78893780338069,70.3456323850751,30.340782228970433,0,False,False,False,False,False,0.12016295041481734,False,False
2026-01-05 00:00:00,98.9297999654883,68.73393816791756,30.434685998884834,0,False,False,False,False,False,0.050604457709938155,False,False
2026-01-05 01:00:00,99.2918060447486,70.56783934436474,30.39553476074158,0,False,False,False,False,False,0.13946642264117598,False,False
2026-01-05 02:00:00,100.83253722053806,69.6950831185724,30.214934711989418,0,False,False,False,False,False,0.1594603389142582,False,False
2026-01-05 03:00:00,99.40076662627828,71.17827520842273,30.209421466476208,0,False,False,False,False,False,0.11996607389123193,False,False
2026-01-05 04:00:00,99.98482279376309,69.65825061213303,30.181881200671278,0,False,False,False,False,False,0.15787956583532559,False,False
2026-01-05 05:00:00,101.83396074680314,69.6526316212136,29.615931813908535,0,False,False,False,False,False,0.11087790251028778,False,False
2026-01-05 06:00:00,100.01692726710297,70.59643234275184,30.245253104900854,0,False,False,False,False,False,0.16038264468739832,False,False
2026-01-05 07:00:00,101.2240927766164,70.77547144639058,29.525465110105706,0,False,False,False,False,False,0.10891756675815117,False,False
2026-01-05 08:00:00,99.38985421932381,70.52521295808283,29.72189019070623,0,False,False,False,False,False,0.13351673551898846,False,False
2026-01-05 09:00:00,100.19486036971234,68.81985881943883,30.45624777373283,0,False,False,False,False,False,0.0890681466198181,False,False
2026-01-05 10:00:00,99.37982543899714,70.60036743170213,30.294077056942967,0,False,False,False,False,False,0.15269420889952218,False,False
2026-01-05 11:00:00,100.05592133194024,69.34409664483283,30.52058940139005,0,False,False,False,False,False,0.12044087207726828,False,False
2026-01-05 12:00:00,101.35720468266607,70.36136718185578,29.904913965709447,0,False,False,False,False,False,0.1600256174036216,False,False
2026-01-05 13:00:00,98.5368212819834,69.03576195067875,29.596712905553133,0,False,False,False,False,False,0.034900797161980246,False,False
2026-01-05 14:00:00,100.9187477714275,70.53341042344528,29.91584698102538,0,False,False,False,False,False,0.1699988519900798,False,False
2026-01-05 15:00:00,100.70639894212462,69.53267678837774,30.0357109540342,0,False,False,False,False,False,0.16082023404489953,False,False
2026-01-05 16:00:00,99.7953328443247,69.15345139802805,30.027646050719003,0,False,False,False,False,False,0.13087283506207814,False,False
2026-01-05 17:00:00,98.86224217179596,70.75221843383521,30.396788167564846,0,False,False,False,False,False,0.10963669993643738,False,False
2026-01-05 18:00:00,100.53625628614057,70.37608114840353,29.873555351248793,0,False,False,False,False,False,0.1661757042287803,False,False
2026-01-05 19:00:00,99.87847986371719,69.69318729636063,30.123212065131025,0,False,False,False,False,False,0.15729084461788323,False,False
2026-01-05 20:00:00,100.72087369220961,71.34691502310463,29.653980497697887,0,False,False,False,False,False,0.0991759371230016,False,False
2026-01-05 21:00:00,100.49297523582729,69.83505321304482,30.157611047315335,0,False,False,False,False,False,0.16343852237625672,False,False
2026-01-05 22:00:00,102.23490267223657,70.21486449589017,30.001087992564972,0,False,True,False,False,True,0.146184214092008,False,True
2026-01-05 23:00:00,100.2136627175953,70.40591232126913,29.73756533160042,0,False,False,False,False,False,0.14836291183943007,False,False
2026-01-06 00:00:00,99.35511468196366,69.69665202223618,29.917459723238803,0,False,False,False,False,False,0.14795146290763123,False,False
2026-01-06 01:00:00,100.6821731383317,70.57089701067184,29.935538488719672,0,False,False,False,False,False,0.172250365399224,False,False
2026-01-06 02:00:00,100.73097430828076,69.76882930463294,29.905445704732017,0,False,False,False,False,False,0.16119552957980599,False,False
2026-01-06 03:00:00,101.98809230470836,69.8678837310046,30.61996943479369,0,False,True,False,False,True,0.13715666832725432,False,True
2026-01-06 04:00:00,101.415616358482,71.28891170703305,29.96554389919224,0,False,False,False,False,False,0.12589437540390397,False,False
2026-01-06 05:00:00,100.89356016907247,69.36793195959326,29.914636361437932,0,False,False,False,False,False,0.14519392283707616,False,False
2026-01-06 06:00:00,102.1146432003816,68.27177974327245,29.26589216483645,0,False,True,False,False,True,-0.07631442809365052,True,True
2026-01-06 07:00:00,99.201378676317,71.49235681043837,29.687027426807184,0,False,False,False,False,False,0.06374010382433826,False,False
2026-01-06 08:00:00,99.80929936607949,72.24467278292728,29.907924301440275,0,False,False,False,False,False,0.005918820721086848,False,False
2026-01-06 09:00:00,99.49780053259019,69.88259821489504,29.759951563338173,0,False,False,False,False,False,0.14917802728001195,False,False
2026-01-06 10:00:00,100.092251300697,68.65894640117118,30.48359765768223,0,False,False,False,False,False,0.07438043260051008,False,False
2026-01-06 11:00:00,99.01069533788846,69.96163285912341,29.942271778611325,0,False,False,False,False,False,0.1362993596371198,False,False
2026-01-06 12:00:00,101.2277241577283,69.98264488662045,30.45095548726139,0,False,False,False,False,False,0.14307813679623804,False,False
2026-01-06 13:00:00,100.28862116545587,70.061287380088,30.021596621917627,0,False,False,False,False,False,0.1607776506450725,False,False
2026-01-06 14:00:00,98.91918722434367,69.32411922578116,30.013029742747552,0,False,False,False,False,False,0.11701872458111584,False,False
2026-01-06 15:00:00,99.42394517500036,70.68008177971265,29.968921243300624,0,False,False,False,False,False,0.15862329183798246,False,False
2026-01-06 16:00:00,100.88995541255593,70.63764197237316,30.00132868806751,0,False,False,False,False,False,0.1713507718231137,False,False
2026-01-06 17:00:00,101.47103742107662,69.02411478270166,30.60157825106745,0,False,False,False,False,False,0.07943400700692788,False,False
2026-01-06 18:00:00,102.74951019328581,70.78059987032584,29.188136245637075,0,False,True,False,False,True,0.0063366724673167285,False,True
2026-01-06 19:00:00,103.76236294106498,71.86499367693948,29.299458989446464,0,True,True,False,True,True,-0.051600278700437374,True,True
2026-01-06 20:00:00,101.01697262109258,70.36201716374525,29.80989020913036,0,False,False,False,False,False,0.15916709446844168,False,False
2026-01-06 21:00:00,99.47663832848599,69.95619197455362,30.005084758678148,0,False,False,False,False,False,0.1635850542003427,False,False
2026-01-06 22:00:00,98.22388736774866,70.11405273909523,30.241536548667405,0,False,True,False,False,True,0.08968569030522971,False,True
2026-01-06 23:00:00,100.86762890116339,70.72146393060892,30.165580519309618,0,False,False,False,False,False,0.16476566949772942,False,False
2026-01-07 00:00:00,99.68291910377587,68.84632443904111,29.8655139304918,0,False,False,False,False,False,0.10303719324648714,False,False
2026-01-07 01:00:00,100.12426933845164,70.36397749224156,30.356665292634617,0,False,False,False,False,False,0.1549808940810804,False,False
2026-01-07 02:00:00,99.91186386171557,69.9216969767023,30.360568391103456,0,False,False,False,False,False,0.1465211080819322,False,False
2026-01-07 03:00:00,100.43430838165541,71.7139313530502,30.064420240945047,0,False,False,False,False,False,0.0829637976844092,False,False
2026-01-07 04:00:00,101.7657646266119,70.09793636205424,30.336930150370396,0,False,False,False,False,False,0.148380715813257,False,False
2026-01-07 05:00:00,100.76994781296743,71.57318784440665,30.095425842201244,0,False,False,False,False,False,0.10365249174831515,False,False
2026-01-07 06:00:00,100.42670408406705,69.35748840369824,29.80348094062599,0,False,False,False,False,False,0.14036825856906238,False,False
2026-01-07 07:00:00,99.46599129273329,70.71189150177891,30.24423589365,0,False,False,False,False,False,0.1449622595280065,False,False
2026-01-07 08:00:00,98.76706719769895,70.49920758578249,30.038714592902537,0,False,False,False,False,False,0.12339154832209087,False,False
2026-01-07 09:00:00,100.07828775292514,69.5500527828705,30.00046894636407,0,False,False,False,False,False,0.16024438341317754,False,False
2026-01-07 10:00:00,100.55807366303773,70.3888106792847,30.51553375026635,0,False,False,False,False,False,0.14917704804433496,False,False
2026-01-07 11:00:00,102.56596538990782,71.21851206345325,29.14219475501097,0,False,True,False,False,True,-0.023772528127480874,True,True
2026-01-07 12:00:00,100.76855247462217,69.99106683697153,29.50381054044415,0,False,False,False,False,False,0.11177749635567763,False,False
2026-01-07 13:00:00,101.71027197915944,68.89813328747782,29.58452535076897,0,False,False,False,False,False,0.06028693909902816,False,False
2026-01-07 14:00:00,100.08404137467306,70.2392563520445,29.872858773350917,0,False,False,False,False,False,0.1630380988556508,False,False
2026-01-07 15:00:00,99.33383640603947,69.53297134380527,29.910887140581888,0,False,False,False,False,False,0.14364555328824402,False,False
2026-01-07 16:00:00,99.57965412667464,69.982640275121,29.472436023279432,0,False,False,False,False,False,0.09136518794103465,False,False
2026-01-07 17:00:00,99.84754191017299,70.19284601671683,29.65519468869121,0,False,False,False,False,False,0.13843357295696745,False,False
2026-01-07 18:00:00,102.99061530287307,68.89519766606534,29.698705412516752,0,True,True,False,False,True,0.03665251096221833,False,True
2026-01-07 19:00:00,99.74978126607962,68.96879597383403,30.86009843222656,0,False,False,False,False,False,0.05524483763922883,False,False
2026-01-07 20:00:00,101.5796527533685,70.64857932012382,30.6306096817115,0,False,False,False,False,False,0.14508841078689544,False,False
2026-01-07 21:00:00,91.66810274939485,69.8463541011805,29.855887703810374,1,True,True,False,False,True,-0.05336591646704092,True,True
2026-01-07 22:00:00,101.69006097548431,68.21433679107261,29.872745848392622,0,False,False,False,False,False,0.006149524450822286,False,False
2026-01-07 23:00:00,101.09278474007117,70.89561070022839,29.597778600984096,0,False,False,False,False,False,0.11963780874468727,False,False
2026-01-08 00:00:00,100.50104500596288,70.4872344815741,29.332154355371156,0,False,False,False,False,False,0.0651023524886769,False,False
2026-01-08 01:00:00,100.63251593066985,69.69984202453834,29.959091934757016,0,False,False,False,False,False,0.16297345218261,False,False
2026-01-08 02:00:00,99.96109626047857,69.21908092133377,29.65075180586459,0,False,False,False,False,False,0.1095747544990135,False,False
2026-01-08 03:00:00,101.17605016311326,70.94279461364465,29.970302313918296,0,False,False,False,False,False,0.1527319176155999,False,False
2026-01-08 04:00:00,100.18889692914017,70.55523200105435,29.439927952834783,0,False,False,False,False,False,0.0922002807144347,False,False
2026-01-08 05:00:00,99.34522043340311,72.1834365355661,29.73330893959141,0,False,False,False,False,False,-0.009237851205277203,True,True
2026-01-08 06:00:00,99.29166345782758,70.61510879481162,30.05201948335599,0,False,False,False,False,False,0.15414008272945284,False,False
2026-01-08 07:00:00,100.89124951510556,70.59072363525411,30.128173359224377,0,False,False,False,False,False,0.16945522651750516,False,False
2026-01-08 08:00:00,102.44241120369476,70.14862198457047,30.146115185559704,0,False,True,False,False,True,0.14872551596514455,False,True
2026-01-08 09:00:00,100.88540961260613,70.93718822883078,29.537828855545037,0,False,False,False,False,False,0.1100290680952945,False,False
2026-01-08 10:00:00,100.58292469498654,70.78543890248149,30.299140005547446,0,False,False,False,False,False,0.15688984742012557,False,False
2026-01-08 11:00:00,101.03184362330228,71.28835395474795,29.719925906189353,0,False,False,False,False,False,0.11410972100822742,False,False
2026-01-08 12:00:00,102.15804480164904,69.87151881939879,30.221500270112557,0,False,True,False,False,True,0.14283376309007106,False,True
2026-01-08 13:00:00,100.96677165330385,69.94185438236627,29.996276463183634,0,False,False,False,False,False,0.16620769730133544,False,False
2026-01-08 14:00:00,100.27743896391856,69.9085010304047,29.51826437532272,0,False,False,True,False,True,0.10905302692283303,False,True
2026-01-08 15:00:00,101.9503845149336,70.9260281504903,29.889330803396586,0,False,False,True,False,True,0.13498244366734535,False,True
2026-01-08 16:00:00,101.20910703220758,71.49368953219731,30.12787730972232,0,False,False,True,False,True,0.10736102060972125,False,True
2026-01-08 17:00:00,102.43081455712746,69.9295207918533,30.21453788316611,0,False,True,True,False,True,0.14020651460063904,False,True
2026-01-08 18:00:00,100.94704886290802,69.9583774105511,29.950654235894454,0,False,False,True,False,True,0.16608923723555785,False,True
2026-01-08 19:00:00,99.40258306310344,70.55106137829424,30.53612261171037,0,False,False,False,False,False,0.12726340449835194,False,False
2026-01-08 20:00:00,99.24853189485783,70.1047936056009,30.352628769845296,0,False,False,False,False,False,0.13747177434056818,False,False
2026-01-08 21:00:00,102.5735357555145,71.06464893453595,29.910171059260087,0,False,True,False,False,True,0.12110147203606025,False,True
2026-01-08 22:00:00,102.65755533895381,68.50318738594164,30.262542634247932,0,False,True,False,False,True,0.03242336699640758,False,True
2026-01-08 23:00:00,100.56805992751339,69.64484838731619,30.676827719815865,0,False,False,False,False,False,0.1208586910829142,False,False
2026-01-09 00:00:00,100.34803302490673,69.68188256409337,30.68616961027406,0,False,False,False,False,False,0.11312040132206985,False,False
2026-01-09 01:00:00,102.3811358156548,68.45313402776644,29.570200041712127,0,False,True,False,False,True,-0.0026473779025291133,True,True
2026-01-09 02:00:00,99.55980485997262,69.54011128859314,29.675713411094996,0,False,False,False,False,False,0.13010498670533432,False,False
2026-01-09 03:00:00,99.7973634054011,69.58050035782426,30.519721575356847,0,False,False,False,False,False,0.12984598779285828,False,False
2026-01-09 04:00:00,101.49323061644252,70.15334473329877,29.62960163220683,0,False,False,False,False,False,0.12803651314398273,False,False
2026-01-09 05:00:00,100.35551352317108,71.20620437665485,29.537110603347912,0,False,False,False,False,False,0.08748702082275989,False,False
2026-01-09 06:00:00,100.78795312095663,70.12138634878691,29.829832054255334,0,False,False,False,False,False,0.1598251945045296,False,False
2026-01-09 07:00:00,100.6178080020038,69.49438709993538,30.147079348316105,0,False,False,False,False,False,0.1601745252604092,False,False
2026-01-09 08:00:00,101.17293521009165,70.27507764959431,29.964161152686117,0,False,False,False,False,False,0.16834474314197884,False,False
2026-01-09 09:00:00,102.35384126988998,71.16158338613104,29.772302732858044,0,False,True,False,False,True,0.11043247114053595,False,True
2026-01-09 10:00:00,100.90926263606887,69.54308064249886,29.764025638396422,0,False,False,False,False,False,0.1437245505358683,False,False
2026-01-09 11:00:00,101.52195992711356,69.59699099466644,29.750682027455554,0,False,False,True,False,True,0.1315367370714421,False,True
2026-01-09 12:00:00,98.56244595940694,70.77389327563581,29.69217162996937,0,False,False,False,False,False,0.08525513516262762,False,False
2026-01-09 13:00:00,100.76805304445001,70.15142842204462,30.79857150704662,0,False,False,False,False,False,0.12576803464567726,False,False
2026-01-09 14:00:00,99.89809800528305,70.84824827360966,30.104128874914945,0,False,False,False,False,False,0.14861842685258003,False,False
2026-01-09 15:00:00,99.48896495217127,70.32094629401868,30.31036566904166,0,False,False,False,False,False,0.15194894518431595,False,False
2026-01-09 16:00:00,99.86769973104772,70.8947978523394,29.828822886158378,0,False,False,False,False,False,0.14288919078353673,False,False
2026-01-09 17:00:00,100.47013956593051,69.50700764904805,29.934915162984883,0,False,False,False,False,False,0.1519153588561306,False,False
2026-01-09 18:00:00,109.84917616332508,70.32700562606277,29.750256106520375,1,True,True,False,False,True,-0.04233544576447956,True,True
2026-01-09 19:00:00,99.38665939325202,70.1697245416157,29.07190208277828,0,False,False,False,False,False,-0.0055429384713096,True,True
2026-01-09 20:00:00,100.88339404065145,69.36716702023573,29.517696753103248,0,False,False,False,False,False,0.09045097988354167,False,False
2026-01-09 21:00:00,100.32112103816272,69.0907006076369,29.366283462006862,0,False,False,False,False,False,0.03164905603151036,False,False
2026-01-09 22:00:00,100.49727502706357,70.89168540056441,29.212575677716938,0,False,False,False,False,False,0.03664055581721748,False,False
2026-01-09 23:00:00,101.96475705472885,70.06392747298314,29.581624358995665,0,False,False,False,False,False,0.10708413045120585,False,False
2026-01-10 00:00:00,101.45765844363017,69.52846835985248,30.463734487783572,0,False,False,False,False,False,0.12704044986661533,False,False
2026-01-10 01:00:00,102.34087739714492,70.2709526420445,29.984447341303476,0,False,True,False,False,True,0.1510212100139437,False,True
2026-01-10 02:00:00,100.70379124781509,71.25191408387543,30.45169731681241,0,False,False,False,False,False,0.1239492568572575,False,False
2026-01-10 03:00:00,100.11221863818427,68.52651192811128,30.143843901915307,0,False,False,True,False,True,0.07411799750568177,False,True
2026-01-10 04:00:00,100.63551882848556,69.15539445889898,30.273895589000304,0,False,False,True,False,True,0.12347798382687525,False,True
2026-01-10 05:00:00,101.15251801348452,69.61599946371825,29.6846860516434,0,False,False,True,False,True,0.13797772643308076,False,True
2026-01-10 06:00:00,101.08401025341732,71.52485491702355,30.183382833967435,0,False,False,True,False,True,0.10836168105872201,False,True
2026-01-10 07:00:00,99.7009606956936,70.58358461639556,30.25504998192602,0,False,False,False,False,False,0.15173445425046322,False,False
2026-01-10 08:00:00,100.99733435097302,70.97297202884194,29.798173447718206,0,False,False,False,False,False,0.13728234694190744,False,False
2026-01-10 09:00:00,101.15285477036723,69.4485927075848,30.195839129715658,0,False,False,False,False,False,0.1435086822697329,False,False
2026-01-10 10:00:00,103.6750330645338,69.46669594908218,30.19816571550119,0,True,True,False,False,True,0.11077675277563998,False,True
2026-01-10 11:00:00,102.97434871168839,70.72217882908959,29.80765658260447,0,True,True,False,False,True,0.11645213353892486,False,True
2026-01-10 12:00:00,99.97525996969593,70.41215052687261,29.607031048705153,0,False,False,False,False,False,0.1328735319926475,False,False
2026-01-10 13:00:00,100.6017139736386,70.80612532362838,29.585555083835605,0,False,False,False,False,False,0.12469087388573391,False,False
2026-01-10 14:00:00,99.31205748535405,70.21860068220714,30.03027693967251,0,False,False,False,False,False,0.15289311623853258,False,False
2026-01-10 15:00:00,100.27607398804699,70.59285566252642,30.11445345407626,0,False,False,False,False,False,0.16213935924787293,False,False
2026-01-10 16:00:00,101.27702522338825,70.49843915569964,29.72261595933973,0,False,False,False,False,False,0.14385862156537377,False,False
2026-01-10 17:00:00,102.26030671844799,70.99576100545632,30.009304869464135,0,False,True,False,False,True,0.13466860147290954,False,True
2026-01-10 18:00:00,100.13588352998504,71.02075692615678,30.19968796264847,0,False,False,False,False,False,0.1385163146854495,False,False
2026-01-10 19:00:00,100.2223226834605,69.08085591150062,30.216366750132856,0,False,False,False,False,False,0.12239098568151308,False,False
2026-01-10 20:00:00,98.58387385085462,68.58054186915417,30.543158042042872,0,False,False,False,False,False,0.015793187027972166,False,False
2026-01-10 21:00:00,100.77096728699979,71.18135623796088,30.446943291269314,0,False,False,False,False,False,0.1309410442509737,False,False
2026-01-10 22:00:00,99.78525196258575,71.33174320086205,29.64954799853521,0,False,False,False,False,False,0.08754032290879571,False,False
2026-01-10 23:00:00,100.37553246156065,69.56666791705466,30.58925517333831,0,False,False,False,False,False,0.12326051700653823,False,False
2026-01-11 00:00:00,99.99737699171104,68.89690121384164,29.8141582234055,0,False,False,False,False,False,0.10567198843056186,False,False
2026-01-11 01:00:00,100.86224305404964,70.46560060229675,30.36570548435905,0,False,False,False,False,False,0.1606009854640773,False,False
2026-01-11 02:00:00,99.03643864926723,71.13264653298424,30.02379531911788,0,False,False,False,False,False,0.10369405618303135,False,False
2026-01-11 03:00:00,99.36019812586149,71.82765477626408,29.855747717540062,0,False,False,False,False,False,0.0516411750487179,False,False
2026-01-11 04:00:00,103.32012773505477,70.80422042241062,29.367306099078775,0,True,True,False,False,True,0.03472202425870918,False,True
2026-01-11 05:00:00,99.56579908845428,70.09541221387373,29.939952421424277,0,False,False,False,False,False,0.1567441581339199,False,False
2026-01-11 06:00:00,99.77950780758768,69.67988428028721,29.454215867643036,0,False,False,False,False,False,0.08650663944432002,False,False
2026-01-11 07:00:00,103.01058484107328,70.40515301730446,30.33855473254497,0,True,True,False,False,True,0.15583078103838904,False,True
2026-01-11 08:00:00,104.18956186211636,70.15818342727255,30.530877429998736,0,True,True,False,False,True,0.15640567930951094,False,True
2026-01-11 09:00:00,99.70927270027609,69.58714407221053,29.72108115374616,0,False,False,False,False,False,0.13978029991643615,False,False
2026-01-11 10:00:00,100.5969301555492,72.03980612389705,30.105689759881745,0,False,False,False,False,False,0.03923591049812969,False,False
2026-01-11 11:00:00,101.38172313008265,71.83053953127694,29.746112967297208,0,False,False,False,False,False,0.046639535241783436,False,False
2026-01-11 12:00:00,102.91158744892631,71.3128469628764,29.780030344452122,0,False,True,False,False,True,0.08563423418012983,False,True
2026-01-11 13:00:00,99.92848526984116,69.6689309041976,30.27107314635288,0,False,False,False,False,False,0.1512393420922052,False,False
2026-01-11 14:00:00,100.74823044160796,71.09122988829553,29.986511608354807,0,False,False,False,False,False,0.14952109794095375,False,False
2026-01-11 15:00:00,101.87711542184428,70.92051876286885,30.608876814675853,0,False,False,False,False,False,0.1369890553085159,False,False
2026-01-11 16:00:00,101.5042947861217,70.76445734104661,29.83121863245398,0,False,False,False,False,False,0.14423469149254636,False,False
2026-01-11 17:00:00,100.61628844188736,71.41175626173121,30.34976771636607,0,False,False,False,False,False,0.11709526889031885,False,False
2026-01-11 18:00:00,100.88686287530491,70.92192416879804,30.034094694535224,0,False,False,False,False,False,0.15795824160435845,False,False
2026-01-11 19:00:00,99.52569076309763,71.00724184996531,30.278522303410483,0,False,False,False,False,False,0.12447437352741103,False,False
2026-01-11 20:00:00,103.78009304996453,70.92635869403244,30.74349481993452,0,True,True,False,False,True,0.15382429686175447,False,True
2026-01-11 21:00:00,103.75306594535888,70.69107000014918,30.882654406856943,0,True,True,False,False,True,0.16048005634086426,False,True
2026-01-11 22:00:00,104.30548707898969,68.99315117638898,30.85957539224537,0,True,True,False,False,True,0.09154282597957697,False,True
2026-01-11 23:00:00,103.44324827573195,70.48854014850158,30.607380009803972,0,True,True,False,False,True,0.16448345940777048,False,True
2026-01-12 00:00:00,104.57680860726458,69.97829292590667,31.131728537103612,0,True,True,False,False,True,0.13526071797109973,False,True
2026-01-12 01:00:00,105.17611164809881,69.40097693328677,31.127587151952426,0,True,True,False,False,True,0.09733601164026373,False,True
2026-01-12 02:00:00,104.23710452496437,71.77190620125229,31.107744143216948,0,True,True,False,False,True,0.0892023908703915,False,True
2026-01-12 03:00:00,104.45707232980024,71.81125238493301,31.437937978871176,0,True,True,True,False,True,0.054620549075223734,False,True
2026-01-12 04:00:00,104.13261917892883,71.51703579887376,31.407270680432706,0,True,True,True,False,True,0.07388352585795227,False,True
2026-01-12 05:00:00,104.07824914502581,70.6354332585348,30.768769358552802,0,True,True,True,False,True,0.16861016718074806,False,True
2026-01-12 06:00:00,103.28845049176019,71.51336582822505,31.03056831145196,0,True,True,True,False,True,0.10362643581803394,False,True
2026-01-12 07:00:00,104.43431603253,70.44411148235721,30.681739758759623,0,True,True,True,False,True,0.16607550770789958,False,True
2026-01-12 08:00:00,103.98316510246661,70.59830996580679,30.908174360640093,0,True,True,True,False,True,0.16638740776208272,False,True
2026-01-12 09:00:00,106.39667351657717,69.56289825433181,30.690087692808397,0,True,True,True,False,True,0.06662858033851238,False,True
2026-01-12 10:00:00,105.82888678550833,70.75687160071331,31.467024608197615,0,True,True,True,False,True,0.09177149904362525,False,True
2026-01-12 11:00:00,104.52663561662979,70.4891905062666,31.027294352620036,0,True,True,True,False,True,0.16323939822835748,False,True
2026-01-12 12:00:00,103.26684949418545,69.4003632764723,30.82368980516345,0,True,True,True,False,True,0.11587898571125271,False,True
2026-01-12 13:00:00,102.8865678217,70.40313048689943,31.31776650014973,0,False,True,True,False,True,0.11357140565320911,False,True
2026-01-12 14:00:00,105.42448570531157,70.38190773168009,30.140284606571605,0,True,True,True,False,True,0.1101603704207526,False,True
2026-01-12 15:00:00,104.40726062060774,71.88534352249407,30.195064091797146,0,True,True,True,False,True,0.05942688967336329,False,True
2026-01-12 16:00:00,104.65040223270873,71.1642684584019,31.17854352932692,0,True,True,True,False,True,0.1268905639112194,False,True
2026-01-12 17:00:00,102.2072079193384,70.45965735327718,30.921163956841077,0,False,True,True,False,True,0.13823950268996665,False,True
2026-01-12 18:00:00,105.1504428507561,70.65113405625769,30.987656205091266,0,True,True,True,False,True,0.16008079678528436,False,True
2026-01-12 19:00:00,104.63413090910994,70.48907731731302,30.435761363838505,0,True,True,True,False,True,0.15309353824466437,False,True
2026-01-12 20:00:00,102.91680280025028,70.29297943340605,30.89186820120237,0,False,True,True,False,True,0.14988959917383665,False,True
2026-01-12 21:00:00,103.62360728094333,69.59097206974468,31.601228293640467,0,True,True,True,False,True,0.028927816121701255,False,True
2026-01-12 22:00:00,104.43638150996252,70.3376755319826,31.18846986692855,0,True,True,True,False,True,0.14624421784561176,False,True
2026-01-12 23:00:00,104.20801407939427,69.86324163515896,30.959397290799984,0,True,True,True,False,True,0.13920761567217899,False,True
2026-01-13 00:00:00,103.83292031285055,69.46147101575527,30.746331131463272,0,True,True,True,False,True,0.12258486571432431,False,True
2026-01-13 01:00:00,104.04447953839399,70.87230410494463,30.76189950184571,0,True,True,True,False,True,0.16013263000679046,False,True
2026-01-13 02:00:00,103.88514953327102,70.77794158766602,30.15478073877999,0,True,True,True,False,True,0.14007321219305852,False,True
2026-01-13 03:00:00,104.33415142864337,69.0371670570378,30.990174147322406,0,True,True,True,False,True,0.08505602525960015,False,True
2026-01-13 04:00:00,105.78898185165521,70.369988562549,31.195919087968647,0,True,True,True,False,True,0.12388817903764698,False,True
2026-01-13 05:00:00,101.35102441237036,71.26630058767786,30.348533235490283,0,False,False,True,False,True,0.12045617143236698,False,True
2026-01-13 06:00:00,103.9178214224662,71.3187216764878,30.668504087692614,0,True,True,True,False,True,0.13822368794173745,False,True
2026-01-13 07:00:00,104.37652839296861,71.29361536609176,30.4948873787183,0,True,True,True,False,True,0.13621672482391017,False,True
2026-01-13 08:00:00,104.51196613414679,70.50567966371756,30.562127081816932,0,True,True,True,False,True,0.16319202463365517,False,True
2026-01-13 09:00:00,103.78127472206963,69.8001160422339,30.918718569387664,0,True,True,True,False,True,0.13205460967874016,False,True
2026-01-13 10:00:00,102.26199481682866,69.61079644913559,30.17045924575403,0,False,True,True,False,True,0.13995802020214348,False,True
2026-01-13 11:00:00,104.5591918256727,70.75504264123515,31.114994653424972,0,True,True,True,False,True,0.1539864667582555,False,True
2026-01-13 12:00:00,106.10249004519984,70.78438595133983,31.16384927447679,0,True,True,True,False,True,0.12547068385202703,False,True
2026-01-13 13:00:00,102.51916528024354,71.51243001954458,30.81211409418708,0,False,True,True,False,True,0.09249550411572072,False,True
2026-01-13 14:00:00,105.16063165675138,71.36415205694702,30.031752021505408,0,True,True,True,False,True,0.06788333662880747,False,True
2026-01-13 15:00:00,103.85305111228026,70.37998861786123,30.551253480899163,0,True,True,True,False,True,0.1635872003678907,False,True
2026-01-13 16:00:00,104.15098009333576,69.4920100464103,31.331515676935943,0,True,True,True,False,True,0.08002014337034713,False,True
2026-01-13 17:00:00,103.0642565280052,70.2336926783031,29.927702001744997,0,True,True,True,False,True,0.12452539317868738,False,True
2026-01-13 18:00:00,103.85855111622016,70.66436611817306,30.77836680573227,0,True,True,True,False,True,0.1678504684898519,False,True
2026-01-13 19:00:00,105.66050997601253,70.33051777242595,30.486999727536457,0,True,True,True,False,True,0.13008711792780742,False,True
2026-01-13 20:00:00,104.87538970406223,70.03147228868818,31.18159960555469,0,True,True,True,False,True,0.12876526017503337,False,True
2026-01-13 21:00:00,106.14401971985876,70.69769863353905,30.663710116749787,0,True,True,True,False,True,0.12938193153556066,False,True
2026-01-13 22:00:00,105.53763804781535,70.09382779484747,31.04138390725746,0,True,True,True,False,True,0.13525250987135584,False,True
2026-01-13 23:00:00,104.72948833279447,69.99614432740847,31.09791114670918,0,True,True,True,False,True,0.13817024358469138,False,True
2026-01-14 00:00:00,106.16882898078859,70.74936266824436,31.542679043905505,0,True,True,True,False,True,0.07018493474371262,False,True
2026-01-14 01:00:00,104.7374014926482,70.18020954311106,30.82897031971362,0,True,True,True,False,True,0.15738356045891044,False,True
2026-01-14 02:00:00,105.1693040285449,70.69869032480993,31.03161552936791,0,True,True,True,False,True,0.16290201692046613,False,True
2026-01-14 03:00:00,103.93629700121201,70.72357323832178,30.380230582305394,0,True,True,True,False,True,0.15714626711974894,False,True
2026-01-14 04:00:00,104.33973346357739,69.59507002557964,31.316644747152807,0,True,True,True,False,True,0.08691885293295387,False,True
2026-01-14 05:00:00,103.50337487653402,70.12322353377341,30.633821903175022,0,True,True,True,False,True,0.15722992631392463,False,True
2026-01-14 06:00:00,105.36309142625073,71.66004119121173,30.703736042569286,0,True,True,True,False,True,0.10449219528651404,False,True
2026-01-14 07:00:00,102.98242312880211,69.58175923550395,30.892213271802774,0,True,True,True,False,True,0.12056190282099366,False,True
2026-01-14 08:00:00,105.14315050691995,68.81970249292779,30.35299047913105,0,True,True,True,False,True,0.041415285122405776,False,True
2026-01-14 09:00:00,104.0768569830369,69.02515313592302,30.980069510125126,0,True,True,True,False,True,0.08671581503914094,False,True
2026-01-14 10:00:00,105.57895296513871,70.53952042219119,31.23861319552375,0,True,True,True,False,True,0.1304647490021958,False,True
2026-01-14 11:00:00,105.1205450659611,70.54256949376884,31.00252683822405,0,True,True,True,False,True,0.16401449748589902,False,True
2026-01-14 12:00:00,106.30130796780026,70.42535019341541,30.343885852537444,0,True,True,True,False,True,0.09325526787561028,False,True
2026-01-14 13:00:00,105.10645737067334,71.49239394731114,30.85666674698462,0,True,True,True,False,True,0.12166198312120857,False,True
2026-01-14 14:00:00,102.57736894523434,68.38437774409881,31.15971011604282,0,False,True,True,False,True,-0.022748867555187013,True,True
2026-01-14 15:00:00,104.23697275229695,70.84099559653865,30.24270393191193,0,True,True,True,False,True,0.14223286389531198,False,True
2026-01-14 16:00:00,103.02542134666274,71.77500226484968,30.5238318951638,0,True,True,True,False,True,0.09502245757206695,False,True
2026-01-14 17:00:00,103.7485294479462,69.62523029790627,31.20679026142853,0,True,True,True,False,True,0.10313516428874725,False,True
2026-01-14 18:00:00,105.98499656718556,70.22521290680055,30.99453340196905,0,True,True,True,False,True,0.12359069350249013,False,True
2026-01-14 19:00:00,105.02794049860069,69.9283477888624,31.044190053744362,0,True,True,True,False,True,0.13553969968295798,False,True
2026-01-14 20:00:00,103.56183785120867,69.81678769219609,31.550823182668157,0,True,True,True,False,True,0.052885067703825506,False,True
2026-01-14 21:00:00,103.21958023559291,70.27285813145252,31.06399347247717,0,True,True,True,False,True,0.13762166981681984,False,True
2026-01-14 22:00:00,104.37473765687331,71.67745916883138,31.130260803651613,0,True,True,True,False,True,0.09838849091202534,False,True
2026-01-14 23:00:00,95.00446920642224,72.00698348868661,31.848760934526414,1,True,True,False,False,True,-0.1598444283832815,True,True
2026-01-15 00:00:00,103.60843908163731,70.2699259746773,30.825168404668325,0,True,True,False,False,True,0.15828649369752879,False,True
2026-01-15 01:00:00,104.69391182151197,72.06432873237382,30.620741032733527,0,True,True,False,False,True,0.06587322315105493,False,True
2026-01-15 02:00:00,105.62555265855504,70.57034494912277,31.049728739386495,0,True,True,False,False,True,0.1537262331770401,False,True
2026-01-15 03:00:00,105.02835505431663,71.94643979530876,31.05364686028611,0,True,True,False,False,True,0.07570671613758678,False,True
2026-01-15 04:00:00,101.84230699144389,70.47045126063793,30.715649612818826,0,False,False,False,False,False,0.14262984409494112,False,False
2026-01-15 05:00:00,104.70153686886715,70.65153964761046,30.538661043155802,0,True,True,False,False,True,0.1615031035796713,False,True
2026-01-15 06:00:00,104.44997841352176,70.84067617130064,31.708445547731525,0,True,True,False,False,True,0.02941582156282163,False,True
2026-01-15 07:00:00,104.83002881290797,73.09298274309323,31.014395214635808,0,True,True,True,False,True,-0.015392758574782839,True,True
2026-01-15 08:00:00,106.15658816484638,71.23253146588786,30.643700116509272,0,True,True,True,False,True,0.10405761157994387,False,True
2026-01-15 09:00:00,102.1132034265769,69.98729458846368,31.22057560579786,0,False,True,True,False,True,0.09386483897591441,False,True
2026-01-15 10:00:00,103.73655977938398,71.32990771505835,30.86179919695353,0,True,True,True,False,True,0.12486271963035778,False,True
2026-01-15 11:00:00,105.04077851819895,70.26684659558302,30.811491493788758,0,True,True,True,False,True,0.15374485265598037,False,True
2026-01-15 12:00:00,102.65503573975897,70.16611568534236,31.09679550517007,0,False,True,True,False,True,0.12344391397571186,False,True
2026-01-15 13:00:00,106.02234154804924,71.28640012598983,30.447841206118905,0,True,True,True,False,True,0.09312309235022476,False,True
2026-01-15 14:00:00,104.80799788519317,70.5859907147059,31.023419521371007,0,True,True,True,False,True,0.16169081551147102,False,True
2026-01-15 15:00:00,105.33805601168226,70.78558618251125,31.56953418270611,0,True,True,True,False,True,0.07594179192126771,False,True
2026-01-15 16:00:00,103.78278361561259,70.57551683480686,31.06316218176906,0,True,True,True,False,True,0.14945126198129943,False,True
2026-01-15 17:00:00,105.30996971828148,70.8351983650118,30.768325763675787,0,True,True,True,False,True,0.1558707427116403,False,True
2026-01-15 18:00:00,105.59415638693865,70.9075077880892,30.722513151850112,0,True,True,True,False,True,0.14109570135197702,False,True
2026-01-15 19:00:00,104.67901151353365,69.01956473038877,30.75638100932921,0,True,True,True,False,True,0.09041663180861148,False,True
2026-01-15 20:00:00,104.6846946893834,71.10399961785356,30.811113062683276,0,True,True,True,False,True,0.14698995499430823,False,True
2026-01-15 21:00:00,104.72823928665679,69.78672915351451,30.767767713534603,0,True,True,True,False,True,0.1394401649720533,False,True
2026-01-15 22:00:00,103.48518994826564,69.42010858734405,31.220709004376097,0,True,True,True,False,True,0.08629553292432457,False,True
2026-01-15 23:00:00,104.27659620724663,70.52882210711746,30.293376813876854,0,True,True,True,False,True,0.15171026544603589,False,True
2026-01-16 00:00:00,104.2751109858455,70.6443391112688,31.201700017644246,0,True,True,True,False,True,0.14823679093549275,False,True
2026-01-16 01:00:00,104.868627038364,70.02395258337224,30.767109716200103,0,True,True,True,False,True,0.14769057534426006,False,True
2026-01-16 02:00:00,105.55070847520854,71.24518620757726,31.031931724993377,0,True,True,True,False,True,0.13026380603439108,False,True
2026-01-16 03:00:00,103.29052012946303,69.50822379475899,30.505554231429695,0,True,True,True,False,True,0.12243096812452353,False,True
2026-01-16 04:00:00,104.3214079023198,70.25801213525048,31.365020873397302,0,True,True,True,False,True,0.11832875036174573,False,True
2026-01-16 05:00:00,106.09252695412827,70.11727103273496,31.335972236060154,0,True,True,True,False,True,0.0860649296141614,False,True
2026-01-16 06:00:00,103.64898681604166,70.5495037308227,31.235856684012525,0,True,True,True,False,True,0.13737816592358076,False,True
2026-01-16 07:00:00,103.56646686474818,70.81146818122481,30.36983582847226,0,True,True,True,False,True,0.15834067046213512,False,True
2026-01-16 08:00:00,104.6974867108139,69.78366560022101,31.190192374873117,0,True,True,True,False,True,0.11296769149793351,False,True
2026-01-16 09:00:00,105.40778162536552,71.17100930829766,31.041699280672496,0,True,True,True,False,True,0.14069892892972996,False,True
2026-01-16 10:00:00,104.49553459298046,70.64358826741325,30.3381550635036,0,True,True,True,False,True,0.15325987132796165,False,True
2026-01-16 11:00:00,105.94883059737649,69.08123257650878,30.891495915680213,0,True,True,True,False,True,0.06327644411756916,False,True
2026-01-16 12:00:00,105.43345534475102,69.02951963325351,31.02758707116164,0,True,True,True,False,True,0.07513234706951188,False,True
2026-01-16 13:00:00,105.420992053539,70.58814055764051,31.0946263458381,0,True,True,True,False,True,0.15290400165872925,False,True
2026-01-16 14:00:00,105.10852614744849,70.4228253441677,30.9620414784321,0,True,True,True,False,True,0.15740209535748106,False,True
2026-01-16 15:00:00,107.06342442240474,70.5184663139499,31.001930995896583,0,True,True,True,False,True,0.08524752504465827,False,True
2026-01-16 16:00:00,104.28133617030348,70.58041964599828,31.41576398728858,0,True,True,True,False,True,0.12177096024435408,False,True
2026-01-16 17:00:00,102.30714752281501,70.78485668924341,31.329111868468736,0,False,True,True,False,True,0.10053969509038985,False,True
2026-01-16 18:00:00,106.2797098577891,71.36413171192673,29.89653076617604,0,True,True,True,False,True,0.027015647614311966,False,True
2026-01-16 19:00:00,104.01556870209978,69.71873130972688,30.78889650580681,0,True,True,True,False,True,0.13507732638604603,False,True
2026-01-16 20:00:00,104.6417145809617,69.67164116255312,30.842372140359615,0,True,True,True,False,True,0.13228716993639855,False,True
2026-01-16 21:00:00,105.96755986156302,69.73616255697667,30.28676549954556,0,True,True,True,False,True,0.07684986970474128,False,True
2026-01-16 22:00:00,102.76857662908367,70.84355818343435,30.932964070381306,0,False,True,True,False,True,0.13534463486099596,False,True
2026-01-16 23:00:00,103.15825820476381,71.60998595902937,31.337065220343675,0,True,True,True,False,True,0.05652643479003272,False,True
2026-01-17 00:00:00,102.77767242548188,70.27055971193344,30.519701249143292,0,False,True,True,False,True,0.15521618536793763,False,True
2026-01-17 01:00:00,103.66953625331672,68.61587459361016,31.017740328541453,0,True,True,True,False,True,0.029957752252461556,False,True
2026-01-17 02:00:00,105.03069445499544,69.2556433852624,30.579461782946247,0,True,True,True,False,True,0.09250136554360444,False,True
2026-01-17 03:00:00,105.12770883150287,69.95401150352671,30.664830791712113,0,True,True,True,False,True,0.14041787047440019,False,True
2026-01-17 04:00:00,104.8590118177023,70.17586097818018,31.417087771959512,0,True,True,True,False,True,0.10611525922370629,False,True
2026-01-17 05:00:00,103.00507576419133,70.2969363927854,30.71010476296086,0,True,True,True,False,True,0.15374741869191144,False,True
2026-01-17 06:00:00,102.02201247220911,70.65611539938674,31.061774371153717,0,False,True,True,False,True,0.11977535141553841,False,True
2026-01-17 07:00:00,104.6269232124665,70.37745664275687,30.245073659378654,0,True,True,True,False,True,0.13765592308276559,False,True
2026-01-17 08:00:00,104.05218864756696,71.46792860226239,31.551811146488205,0,True,True,True,False,True,0.05669222411953201,False,True
2026-01-17 09:00:00,105.08047464948949,70.08924627569539,31.110928356207275,0,True,True,True,False,True,0.13881475271920352,False,True
2026-01-17 10:00:00,105.35130730547667,69.94180895907287,30.836125055072408,0,True,True,True,False,True,0.13801767686453864,False,True
2026-01-17 11:00:00,104.73523190792987,71.0163669638825,31.101441278499962,0,True,True,True,False,True,0.1362911757525846,False,True
2026-01-17 12:00:00,105.42332074261083,69.40635608353806,30.406563199868266,0,True,True,True,False,True,0.09235260139908708,False,True
2026-01-17 13:00:00,104.84331487625603,70.94822631014779,31.313885759613427,0,True,True,True,False,True,0.11717722759054311,False,True
2026-01-17 14:00:00,105.17826155692313,70.72011869928562,30.786605328576247,0,True,True,True,False,True,0.16249476558092962,False,True
2026-01-17 15:00:00,103.8240578076367,70.5217253667829,30.828575669733045,0,True,True,True,False,True,0.16439901249853295,False,True
2026-01-17 16:00:00,104.40563385761105,71.91190345084966,30.727920534762077,0,True,True,True,False,True,0.09198768682700759,False,True
2026-01-17 17:00:00,104.82366813518037,70.14511981530731,30.696772009039044,0,True,True,True,False,True,0.15344092683700805,False,True
2026-01-17 18:00:00,105.51380376784894,72.29272751437517,31.14313471406994,0,True,True,True,False,True,-0.002086414230512257,True,True
2026-01-17 19:00:00,104.18211517147482,70.46574702498626,30.989567397536476,0,True,True,True,False,True,0.16146424563961403,False,True
2026-01-17 20:00:00,105.19252245825923,69.62608223480538,31.128111849491063,0,True,True,True,False,True,0.11092751516776361,False,True
2026-01-17 21:00:00,104.33082382187905,70.70523426199024,30.89692185868005,0,True,True,True,False,True,0.16410306575463401,False,True
2026-01-17 22:00:00,104.49795812495708,69.7899056433522,31.079619933877012,0,True,True,True,False,True,0.1275175977558426,False,True
2026-01-17 23:00:00,105.54373347127658,70.05110033176923,30.753402939626234,0,True,True,True,False,True,0.13566806344776494,False,True
2026-01-18 00:00:00,102.44290413292259,70.97173485644525,31.68040614449334,0,False,True,True,False,True,0.017014964542057975,False,True
2026-01-18 01:00:00,103.21315899623198,71.1001770937658,30.351224354249325,0,True,True,True,False,True,0.13736273635368612,False,True
2026-01-18 02:00:00,95.0128826359592,70.15958046905511,31.341328063247044,1,True,True,False,False,True,-0.046989529434600996,True,True
2026-01-18 03:00:00,102.08031685734522,71.44884195170847,31.378767607752337,0,False,True,False,False,True,0.042201846943953014,False,True
2026-01-18 04:00:00,103.90521172103972,71.58652724850107,30.60174441791204,0,True,True,False,False,True,0.11663022343499091,False,True
2026-01-18 05:00:00,105.479687910943,71.81116565374762,31.68024576369459,0,True,True,False,False,True,-0.013551084174052819,True,True
2026-01-18 06:00:00,104.34594616425372,71.08725818061039,31.24842159903086,0,True,True,False,False,True,0.12377040269119999,False,True
2026-01-18 07:00:00,104.88089574344265,71.7560736309912,31.239898652388018,0,True,True,False,False,True,0.07744659603727932,False,True
2026-01-18 08:00:00,105.86547391572054,69.16229512535622,30.909807765459057,0,True,True,False,False,True,0.06649945802319457,False,True
2026-01-18 09:00:00,106.1317974308652,70.41421183524552,30.82397084462346,0,True,True,False,False,True,0.127743056457707,False,True
2026-01-18 10:00:00,104.59929897320406,69.97653607550238,30.826706910536135,0,True,True,True,False,True,0.15172214082567254,False,True
2026-01-18 11:00:00,106.1683031959612,70.76712417587586,31.03668570871183,0,True,True,True,False,True,0.13543154289009096,False,True
2026-01-18 12:00:00,104.78470605774446,70.21618731802938,31.390415196261863,0,True,True,True,False,True,0.1081253705540664,False,True
2026-01-18 13:00:00,103.7662367032888,70.54202362623981,30.963459976251496,0,True,True,True,False,True,0.15716425603503004,False,True
2026-01-18 14:00:00,104.03754237811245,72.18229301037566,30.580994731901946,0,True,True,True,False,True,0.04934175310041844,False,True
2026-01-18 15:00:00,103.0668006177416,70.54238047548894,31.18854947183474,0,True,True,True,False,True,0.13324396510005698,False,True
2026-01-18 16:00:00,103.72245155848817,71.01079337279025,31.222402761238175,0,True,True,True,False,True,0.12355976825709275,False,True
2026-01-18 17:00:00,104.30958845674539,70.4955472615115,31.129130834956722,0,True,True,True,False,True,0.15678334587959675,False,True
2026-01-18 18:00:00,105.59135835097578,70.7435365622292,31.160924617283744,0,True,True,True,False,True,0.14162244365572213,False,True
2026-01-18 19:00:00,106.60426965997397,70.68938248262542,30.805175154444765,0,True,True,True,False,True,0.1048622739144533,False,True
2026-01-18 20:00:00,103.1950311948087,71.0448315974679,30.574853791504296,0,True,True,True,False,True,0.14757140513406775,False,True
2026-01-18 21:00:00,105.15154909284142,71.62002157953995,30.596132299275727,0,True,True,True,False,True,0.10935629928671031,False,True
2026-01-18 22:00:00,103.57884856071429,72.00729395559769,30.32758786303975,0,True,True,True,False,True,0.053310132457338066,False,True
2026-01-18 23:00:00,105.24962170712917,70.93867802945519,30.98293201404108,0,True,True,True,False,True,0.1452479052797973,False,True
2026-01-19 00:00:00,104.5872676100952,71.16422267916916,30.870792925870692,0,True,True,True,False,True,0.14513234856933993,False,True
2026-01-19 01:00:00,102.72147453345148,69.77349676940504,30.7460043034146,0,False,True,True,False,True,0.1295020435571414,False,True
2026-01-19 02:00:00,105.76060564864117,70.62549018923383,29.865533411479223,0,True,True,True,False,True,0.07317469978697672,False,True
2026-01-19 03:00:00,104.0779861898583,71.44962636148604,30.46343888560704,0,True,True,True,False,True,0.12880085706093097,False,True
2026-01-19 04:00:00,104.16020472776904,71.3917729067257,31.292294227991107,0,True,True,True,False,True,0.09626071621974985,False,True
2026-01-19 05:00:00,103.57477535359337,70.86988898864085,30.667380899977903,0,True,True,True,False,True,0.1625681315078349,False,True
2026-01-19 06:00:00,104.03579941768778,71.411319576472,31.026207087179895,0,True,True,True,False,True,0.12639183393251868,False,True
2026-01-19 07:00:00,105.23019852284055,71.09642098242551,30.41326009950866,0,True,True,True,False,True,0.1252446248319266,False,True
2026-01-19 08:00:00,104.55535827907816,71.66565582825073,31.40354691882573,0,True,True,True,False,True,0.06948261426205116,False,True
2026-01-19 09:00:00,105.12906327265101,70.9385013536218,30.849590318980862,0,True,True,True,False,True,0.15068794935821406,False,True
2026-01-19 10:00:00,105.16965712549407,70.42405858201211,31.001514138769235,0,True,True,True,False,True,0.16141940683257194,False,True
2026-01-19 11:00:00,106.22827892328539,70.97889344642819,31.714022927158588,0,True,True,True,False,True,8.693392627134866e-05,False,True
2026-01-19 12:00:00,104.40249435228566,68.36734814661237,31.43075403520629,0,True,True,True,False,True,-0.0363800203794471,True,True
2026-01-19 13:00:00,103.15902353573823,71.01973544281546,30.792702032549528,0,True,True,True,False,True,0.1434007201256151,False,True
2026-01-19 14:00:00,105.96151980852977,67.79629979994841,30.692372935295374,0,True,True,True,False,True,-0.04501040769053155,True,True
2026-01-19 15:00:00,104.4269461770257,69.33786254060873,30.78605924596816,0,True,True,True,False,True,0.11870772911023286,False,True
2026-01-19 16:00:00,106.02164287139985,71.07965135369868,31.078464386966786,0,True,True,True,False,True,0.11023985995420521,False,True
2026-01-19 17:00:00,105.2213140228975,71.10186314917215,30.863171553012194,0,True,True,True,False,True,0.14338202922608573,False,True
2026-01-19 18:00:00,104.65935593120517,69.79149986165959,30.761664549248785,0,True,True,True,False,True,0.1400938763175768,False,True
2026-01-19 19:00:00,105.19126871391185,70.15336445868121,31.413513437748165,0,True,True,True,False,True,0.10368599309458049,False,True
2026-01-19 20:00:00,106.95773706263192,71.8210820894885,30.860026537877754,0,True,True,True,False,True,0.02070561501992818,False,True
2026-01-19 21:00:00,107.10030984448417,70.33902839975188,31.70485618256306,0,True,True,True,False,True,-0.027933794427925207,True,True
2026-01-19 22:00:00,104.89595852720318,72.52219196134524,30.93175989731326,0,True,True,True,False,True,0.006854717932446519,False,True
2026-01-19 23:00:00,112.99985694723796,70.7279230352946,31.524861437978654,1,True,True,True,False,True,-0.07540385004275663,True,True
2026-01-20 00:00:00,106.01151948383426,71.05749106575351,31.02506179794872,0,True,True,True,False,True,0.12414745560017032,False,True
2026-01-20 01:00:00,103.90143619060923,72.0261648494602,31.237036200637306,0,True,True,True,False,True,0.037160041252340625,False,True
2026-01-20 02:00:00,105.20204875256546,70.83909023002887,30.646386131968796,0,True,True,True,False,True,0.15322968770010142,False,True
2026-01-20 03:00:00,104.81123022596819,69.93399655893433,30.601184272094404,0,True,True,True,False,True,0.1380730985565468,False,True
2026-01-20 04:00:00,105.1889864073528,70.64969298854437,31.060897084255245,0,True,True,True,False,True,0.15754762013067541,False,True
2026-01-20 05:00:00,103.93098970423722,70.71058956736056,31.24599363486286,0,True,True,True,False,True,0.138285245595968,False,True
2026-01-20 06:00:00,103.10317916417377,69.6488880409642,30.91408977570016,0,True,True,True,False,True,0.12241191965441323,False,True
2026-01-20 07:00:00,102.57542964325526,70.53761891206562,30.449762332720706,0,False,True,True,False,True,0.15846108348256588,False,True
2026-01-20 08:00:00,103.63059691458919,70.15013410035316,30.423909571798735,0,True,True,True,False,True,0.1506857797057104,False,True
2026-01-20 09:00:00,104.35918464147656,71.48497718771387,30.400502259234813,0,True,True,True,False,True,0.11900302455409373,False,True
2026-01-20 10:00:00,104.54522472562824,70.77478368772495,30.281332260471217,0,True,True,True,False,True,0.14406893314460562,False,True
2026-01-20 11:00:00,107.00269776564642,70.52246079547152,30.938319875806478,0,True,True,True,False,True,0.08315113044790406,False,True
2026-01-20 12:00:00,106.09234420990404,70.66535505670436,31.293765372597807,0,True,True,True,False,True,0.11280471381573759,False,True
2026-01-20 13:00:00,103.82145929106228,70.93040142234017,30.895304474576317,0,True,True,True,False,True,0.15193886468094148,False,True
2026-01-20 14:00:00,105.26624683276619,71.24695837377989,30.10885483493175,0,True,True,True,False,True,0.07901797448655412,False,True
2026-01-20 15:00:00,104.43998949111685,69.95534043750538,30.833233838882908,0,True,True,True,False,True,0.15109448415618387,False,True
2026-01-20 16:00:00,104.57898334529017,69.92344332075669,30.843020351178588,0,True,True,True,False,True,0.1477364102713492,False,True
2026-01-20 17:00:00,105.09964979752326,71.64206000558856,31.6335995625789,0,True,True,True,False,True,0.019799902555627358,False,True
2026-01-20 18:00:00,105.58088782787134,70.43005034191557,30.390001730478154,0,True,True,True,False,True,0.12905208910352478,False,True
2026-01-20 19:00:00,104.53062328295805,69.62804937201469,30.76326283909028,0,True,True,True,False,True,0.13059594093018817,False,True
2026-01-20 20:00:00,106.07805231727032,71.1181764200115,31.497048438190596,0,True,True,True,False,True,0.058776628615748394,False,True
2026-01-20 21:00:00,103.65569159853794,71.13542530374399,31.05749241947129,0,True,True,True,False,True,0.13439596291472355,False,True
2026-01-20 22:00:00,104.92280463192515,69.5417604595253,31.097159575730746,0,True,True,True,False,True,0.11046785530870457,False,True
2026-01-20 23:00:00,107.77728077861413,70.95152124411437,30.940104552958356,0,True,True,True,False,True,0.03939355913806586,False,True
2026-01-21 00:00:00,105.16923541227858,71.35800555209902,31.015480238530042,0,True,True,True,False,True,0.12937773306051742,False,True
2026-01-21 01:00:00,106.50439166868964,71.07065144593415,31.172163335597485,0,True,True,True,False,True,0.08390559636694711,False,True
2026-01-21 02:00:00,105.03253592344544,71.27833067799108,30.61667978838753,0,True,True,True,False,True,0.1342532007452747,False,True
2026-01-21 03:00:00,105.57472654834974,69.65093341892218,31.20732050261787,0,True,True,True,False,True,0.09171210067805519,False,True
2026-01-21 04:00:00,104.87741824568708,71.04078402780456,30.41944894409006,0,True,True,True,False,True,0.13553007680670298,False,True
2026-01-21 05:00:00,104.75643943627048,70.53545930264409,31.014928790491037,0,True,True,True,False,True,0.1646229206890859,False,True
2026-01-21 06:00:00,104.0904651551852,70.39292618965355,30.962559337150214,0,True,True,True,False,True,0.15901274414788286,False,True
2026-01-21 07:00:00,105.42523530246854,71.47720601058188,30.68429741913276,0,True,True,True,False,True,0.11822384817886306,False,True
2026-01-21 08:00:00,104.01922091554296,71.9657843379983,30.892060153636024,0,True,True,True,False,True,0.07237033005451526,False,True
2026-01-21 09:00:00,105.69206359962413,72.21946397955203,30.682110946567054,0,True,True,True,False,True,0.02513867855381935,False,True
2026-01-21 10:00:00,106.15774356060192,71.83741743948929,30.524904535598388,0,True,True,True,False,True,0.057644613167793346,False,True
2026-01-21 11:00:00,105.37112041970444,70.69938700339324,30.776234840435222,0,True,True,True,False,True,0.15897910752099564,False,True
2026-01-21 12:00:00,104.65707028086429,71.0709536855313,30.513603977619915,0,True,True,True,False,True,0.14266050159541332,False,True
2026-01-21 13:00:00,105.47531404104718,71.40383905895044,31.012979112432635,0,True,True,True,False,True,0.12284282806644348,False,True
2026-01-21 14:00:00,104.64041955873861,70.88892632737544,30.49747007704667,0,True,True,True,False,True,0.1513912599479214,False,True
2026-01-21 15:00:00,106.01306977388342,70.89819852467794,31.149191958046867,0,True,True,True,False,True,0.12166762173626244,False,True
2026-01-21 16:00:00,102.97342925926716,71.45419288626248,30.486482326224912,0,True,True,True,False,True,0.11997612051216666,False,True
2026-01-21 17:00:00,104.62281586300536,70.7493674703536,30.701796779546648,0,True,True,True,False,True,0.1639009161483817,False,True
2026-01-21 18:00:00,102.80609878933154,70.21496724448825,30.681388807124687,0,False,True,True,False,True,0.14709330256337227,False,True
2026-01-21 19:00:00,103.35543308675007,70.46842154733132,31.363801355106194,0,True,True,True,False,True,0.12127379188306242,False,True
